{
  "navbar":{
    "menu": [
      {
        "path":"/Dashboard",
        "title":"डैशबोर्ड"
      },
      {
        "path":"/Question",
        "title":"प्रशन"
      },
      {
        "path":"Content/prerequisits",
        "title":"आवश्यक शर्तें"
      },
      {
        "path":"Content/dos&donts",
        "title":"करना नहीं करना"
      },
      {
        "path":"Content/terms&condition",
        "title":"नियम एवं शर्तें"
      },
      {
        "path":"/Time-management",
        "title":"समय प्रबंधन"
      }
    ]
  },
  "dashboard":{
    "heading":"डैशबोर्ड",
    "text1":"प्रशन",
    "text2":"आवश्यक शर्तें",
    "text3":"करना नहीं करना",
    "text4":"नियम एवं शर्तें",
    "text5":"समय प्रबंधन"
  },

  "question":{
    "filter":"फ़िल्टर",
    "back":"पीछे",
    "label1":"विलेख श्रेणी",
    "option1":"विलेख श्रेणी का चयन करे",
    "label2":"विलेख प्रकार",
    "option2":"विलेख प्रकार का चयन करे",
    "label3":"उपकरण",
    "option3":"उपकरण का चयन करे",
    "label4":"दलों की भूमिका",
    "option4":"दलों की भूमिका का चयन करे",
    "questionEnglish":"अंग्रेजी में प्रशन",
    "questionHindi":"हिंदी में प्रशन",
    "Submit":" अंकुश मानना",
    "Reset":" पुनर्नियोजन",

    "sno":"क्र.सं.",
    "InstrumentName":"उपकरण का नाम",
    "Role":"भूमिका",
    "VKYCType":"वीकेवाईसी प्रकार",
    "Questions":"प्रशन",
    "Action":"कार्य"
  },

  "content":{
    "button1":"आवश्यक शर्तें",
    "button2":"करना नहीं करना",
    "button3":"नियम एवं शर्तें",
    "label1":"वीडियो केवाईसी प्रकार चुनें",
    "option1":"सहायक ",
    "option2":"गैर सहायता",
    "label2":"अंग्रेजी में आवश्यक शर्तें",
    "label3":"हिंदी में आवश्यक शर्तें",
    "label4":"क्या करें और क्या न करें अंग्रेजी में",
    "label5":"क्या करें और क्या न करें हिंदी में",
    "label6":"नियम और शर्तें अंग्रेजी में",
    "label7":"नियम और शर्तें हिंदी में",
    "Submit":"अंकुश मानना",
    "Reset":"पुनर्नियोजन",

    "sno":"र.सं.",
    "content":"विषय",
    "VKYCType":"वीकेवाईसी प्रकार",
    "InstructionsEnglish" : "निर्देश हिंदी",
    "Actions":"Actions"
  },

  "time":{
    "label1":"वीडियो केवाईसी समय विन्यास का चयन करें",
    "option1":"वीडियो केवाईसी समय प्रबंधन चुनें",
    "options":[
      "चित्र कैप्चर",
      "लाइवनेस डिटेक्शन",
      "प्रश्न प्रस्तुति",
      "दस्तावेज़ छवियां कैप्चर"
    ],
    "Minutes":"मिनट",
    "Seconds":"सेकंड",
    "Submit":"अंकुश मानना",
    "Reset":"पुनर्नियोजन",
    "Update":"अद्यतन",

    "sno":"क्र.सं.",
    "content":"विषय",
    "time":"समय",
    "action":"कार्य",
    "min":"मिनट",
    "sec":"सेकंड"
  },

  "footer":{
    "text1":"पंजीकरण और स्टाम्प विभाग द्वारा प्रदान की गई और अनुरक्षित सामग्री",
    "text2":"एमडीपी इंफ्रा प्रा. लिमिटेड द्वारा रचना और विकसित।"
  }

}
